<?xml version="1.0" encoding="UTF-8"?>
<uptime xmlns:xsi="http://www.w3.org/2001/XMLSchema-instance" version="4.0" target_grouping="other">'
    <class>EMC VNX Capacity Monitor</class>
	<exec>com.uptimesoftware.uptime.erdc.MonitorCustomScriptRunner</exec>
	<erdc_version>1.0</erdc_version>
	<category>Storage Monitors</category>
	<category_related>Network Device Monitors</category_related>
	<grid_info>
		<supported_versions>7.3,7.5,7.6,7.7,7.8</supported_versions>
		<supported_platforms>windows</supported_platforms>
		<upgrade_in_place>true</upgrade_in_place>
		<requires_agent_scripts>false</requires_agent_scripts>
	</grid_info>	
    <elements>
        <element name="process_windows" parameter_type="input" data_type="string" gui_basic="1" range_type="0" hidden="true">
            <control_options>size:20</control_options>
            <default_value>plugins/scripts/monitor-emc-vnx/monitor-emc-vnx.bat</default_value>
            <validation_rule/><error_message/>
            <short_description>Script Executable</short_description>
            <long_description>Script Executable.  Leave at the default value, unless otherwise noted.</long_description>
            <error_message>
                <alphanumeric>required field</alphanumeric>
            </error_message>                
            <gui_type>
                <string/>
            </gui_type>
        </element>	
		<element name="NAVIPATH" parameter_type="input" data_type="string" gui_basic="1" range_type="0">
            <control_options>size:20</control_options>
            <default_value>C:\Program Files (x86)\EMC\Navisphere CLI\naviseccli.exe</default_value>
            <validation_rule/><error_message/>
            <short_description>EMC Navisphere CLI Path</short_description>
            <long_description>EMC Navisphere CLI Path (full path)</long_description>
            <error_message>
                <alphanumeric>required field</alphanumeric>
            </error_message>                
            <gui_type>
                <string/>
            </gui_type>
        </element>
        <element name="STORAGE_PROC_HOSTNAME" parameter_type="input" data_type="string" gui_basic="1" range_type="0">
            <control_options>size:20</control_options>
            <default_value></default_value>
            <validation_rule/><error_message/>
            <short_description>Storage Processor Hostname</short_description>
            <long_description>Storage processor hostname</long_description>
            <error_message>
                <alphanumeric>required field</alphanumeric>
            </error_message>                 
            <gui_type>
                <string/>
            </gui_type>
        </element>
        <element name="USERNAME" parameter_type="input" data_type="string" gui_basic="1" range_type="0">
            <control_options>size:20</control_options>
            <default_value></default_value>
            <validation_rule/><error_message/>
            <short_description>Username</short_description>
            <long_description>VNX management username</long_description>
            <error_message>
                <alphanumeric>required field</alphanumeric>
            </error_message>                 
            <gui_type>
                <string/>
            </gui_type>
        </element>
        <element name="PASSWORD" parameter_type="input" data_type="string" gui_basic="1" range_type="0">
            <control_options>size:20</control_options>
            <default_value></default_value>
            <validation_rule/><error_message/>
            <short_description>Password</short_description>
            <long_description>VNX management password</long_description>
            <error_message>
                <alphanumeric>required field</alphanumeric>
            </error_message>                 
            <gui_type>
                <password/>
            </gui_type>
        </element>	
        <element name="TRAWCAP_G" parameter_type="output" data_type="decimal" gui_basic="1" units="GBs" range_type="0">
            <control_options>size:10</control_options>
            <default_value/>
            <short_description>Total Raw Capacity - Array (GBs)</short_description>
            <long_description>Total Raw Capacity - Array (GBs)</long_description>
            <validation_rule/>
            <error_message/>
            <gui_type>
                <decimal/>
            </gui_type>
        </element>
        <element name="TFREECAP_G" parameter_type="output" data_type="decimal" gui_basic="1" units="GB" range_type="0">
            <control_options>size:10</control_options>
            <short_description>Total Available Capacity - Array (GBs)</short_description>
            <long_description>Total Available Capacity - Array (GBs)</long_description>
            <validation_rule/>
            <error_message/>
            <gui_type>
                <decimal/>
            </gui_type>
        </element>
        <element name="TPRAWCAP_G" parameter_type="output" data_type="decimal" gui_basic="1" units="GBs" range_type="0">
            <control_options>size:10</control_options>
            <default_value/>
            <short_description>Total Raw Capacity - Storage Pools (GBs)</short_description>
            <long_description>Total Raw Capacity - Storage Pools (GBs)</long_description>
            <validation_rule/>
            <error_message/>
            <gui_type>
                <decimal/>
            </gui_type>
        </element>
        <element name="TPAVAILCAP_G" parameter_type="output" data_type="decimal" gui_basic="1" units="GB" range_type="0">
            <control_options>size:10</control_options>
            <default_value/>
            <short_description>Total Available Capacity - Storage Pools (GBs)</short_description>
            <long_description>Total Available Capacity - Storage Pools (GBs)</long_description>
            <validation_rule/>
            <error_message/>
            <gui_type>
                <decimal/>
            </gui_type>
        </element>
        <element name="RTRAWCAP_G" parameter_type="output" data_type="decimal" gui_basic="1" units="GBs" range_type="0">
            <control_options>size:10</control_options>
            <default_value/>
            <short_description>Total Raw Capacity - Raid Groups (GBs)</short_description>
            <long_description>Total Raw Capacity - Raid Groups (GBs)</long_description>
            <validation_rule/>
            <error_message/>
            <gui_type>
                <decimal/>
            </gui_type>
        </element>
        <element name="RTFREECAP_G" parameter_type="output" data_type="decimal" gui_basic="1" units="GB" range_type="0">
            <control_options>size:10</control_options>
            <default_value/>
            <short_description>Total Available Capacity - Raid Groups (GBs)</short_description>
            <long_description>Total Available Capacity - Raid Groups (GBs)</long_description>
            <validation_rule/>
            <error_message/>
            <gui_type>
                <decimal/>
            </gui_type>
        </element>
    </elements>
    <help>Monitor EMC VNX series SAN capacity using EMC Navisphere CLI.</help>
</uptime>